date,message
21/07/2011,Last major update.
7/04/2014,"Added Mr. Drew's email. Thanks, Jacob!"
17/04/2014,Added Mr. Ong's email.
23/04/2014,Added Mr. Holcombe and Mr. Shin's email.
24/04/2014,Added Ms. Hamilton's email.
29/04/2014,"Added Mr. Moore's email. Thanks, Moss!"
8/07/2014,Added Mr. Bryant and Mr Sette's email (finally!)
29/07/2014,"Added Mr. Bowler's email. Thanks, Patrick!"
17/10/2014,Added Mr. Slocombe's email.
30/11/2014,Added Mr. Homewood's email and Ms. Roberts'?
17/03/2015,"Added Mr. Edge's and Ms. Ferguson's email. Thanks, Cameron and Peter!"
18/05/2015,"Added Ms. Sauders and Ms. Malavieille's email. Thanks, Nicholas Young!"
